producto,insumo,cantidad
Italiano,,
Español,,
Pollo Crunch,,
Pollo Fit,,
Light,,
Alemán,,
Lomo Canadiense,,
Jamón de Pechuga de Pavo,,
Pizza,,
Vegetariano,,
croissant de jamon y queso,,
croissant de nutella,,
Mango & Ginger Power,,
Matcha Paradise,,
Coco Lover,,
Coffee Energy,,
Berry Special,,
Chocolate Caliente Mediano,,
Chocolate Caliente Grande,,
Moka Mediano,,
Moka Grande,,
Matcha (Barra) Mediano,,
Matcha (Barra) Grande,,
Capuccino Mediano,,
Capuccino Grande,,
Latte Mediano,,
Latte Grande,,
Chai Mediano,,
Chai Grande,,
Taro (Barra) Mediano,,
Taro (Barra) Grande,,
Tisana Mediano,,
Tisana Grande,,
Americano Mediano,,
Americano Grande,,
Espresso Sencillo,,
Espresso Doble,,
Espresso Cortado,,
Cono Mini,,
Cono Chico,,
Vaso Mini,,
Vaso Chico,,
Vaso Mediano,,
Vaso Grande,,
Canasta Mediana,,
Canasta Grande,,
Nieve 1/2 Litro,,
Nieve Litro,,
Paquete Amigos (3 Medios Litros),,
Paquete Familiar (4 Medios Litros),,
Paquete Rey (6 Medios Litros),,
Boli,,
Paleta Agua,,
Paleta Forrada,,
Agua,,
Agua mineral,,
Té verde,,
Té helado mediano,,
Té helado grande,,
Shake Taro Mediano,,
Shake Taro Grande,,
Shake Matcha Mediano,,
Shake Matcha Grande,,
Shake Pink Flamingo Mediano,,
Shake Pink Flamingo Grande,,
Shake Carbón Activado Mediano,,
Shake Carbón Activado Grande,,
Shake Mango Spicy Hot Mediano,,
Shake Mango Spicy Hot Grande,,
Cold Chai Mediano,,
Cold Chai Grande,,
Frapuccino Mediano,,
Frapuccino Grande,,
Americano Helado Mediano,,
Americano Helado Grande,,
Latte Frío Mediano,,
Latte Frío Grande,,
Soda Orgánica Regular Mediano,,
Soda Orgánica Regular Grande,,
Soda Orgánica con Nieve Mediano,,
Soda Orgánica con Nieve Grande,,
Malteada Mediano,,
Malteada Grande,,
Mojito Botánico Mediano,,
Mojito Botánico Grande,,
Sunset Mandarina Mediano,,
Sunset Mandarina Grande,,
Brisa de Coco Mediano,,
Brisa de Coco Grande,,
Berry Spritz Mediano,,
Berry Spritz Grande,,
Mango Tropical Mediano,,
Mango Tropical Grande,,
Croissant Helado Monchis,,
Croissant Helado Sencillo,,
Reyes Waffle,,
Sándwich Rey,,
Paletas para Perritos Chica,,
Paletas para Perritos Grande,,
